LeftPowerPocket,RackSerial,Row,RackBase,Maker,idMaster
AA70-4B25-CC3E-411C,7F48-6CCC-2253-47A5,Mill Race-Fl2-H1CD6,Mill Race-Fl2-H1CD6,IBM,IBM7014-B42
8725-E17B-3388-4764,3B6F-AB5E-48AB-4ECD,Mill Race-Fl2-H1CD6,Mill Race-Fl2-H1CD7,IBM,IBM7014-B42
279B-988D-133B-4A77,2958-A5CC-00BE-489D,Mill Race-Fl2-H1CD6,Mill Race-Fl2-H1CD8,IBM,IBM7014-B42
BB90-6D64-29AD-49CE,7048-583F-575F-4E86,Mill Race-Fl2-H1CD6,Mill Race-Fl2-H1CD9,IBM,IBM7014-B42
E752-9C13-98C2-4872,FCAD-562F-4192-430D,Mill Race-Fl2-H1CD6,Mill Race-Fl2-H1CD10,IBM,IBM7014-B42
BC8C-1431-E16C-4750,83A4-F0BD-46FC-4753,Mill Race-Fl2-H1CD6,Mill Race-Fl2-H1CD11,IBM,IBM7014-B42
F911-4041-B506-45AD,D410-6CBC-49BC-462B,Mill Race-Fl2-H1CD6,Mill Race-Fl2-H1CD12,IBM,IBM7014-B42
F540-7FAD-95DB-4D15,E3A2-B9D7-254F-4F54,Mill Race-Fl2-H1CD6,Mill Race-Fl2-H1CD13,IBM,IBM7014-B42
C3CF-26E8-FEF1-40F0,F718-DE53-8EAE-4035,Mill Race-Fl2-H1CD6,Mill Race-Fl2-H1CD14,IBM,IBM7014-B42
8E1D-0941-41FA-4722,0B5D-0247-22E5-49E4,Mill Race-Fl2-H1CD6,Mill Race-Fl2-H1CD20,IBM,IBM7014-B42
23B2-107D-FA73-4453,3332-41FA-23B6-40CB,Mill Race-Fl2-H1CD6,Mill Race-Fl2-H1CD21,IBM,IBM7014-B42
91AA-DFE1-F63F-44BB,5339-F1D9-4045-4C23,Mill Race-Fl2-H1CD6,Mill Race-Fl2-H1CD22,IBM,IBM7014-B42
47FD-1C78-F99C-49FF,391F-6108-541D-4DB4,Mill Race-Fl2-H1CD6,Mill Race-Fl2-H1CD23,IBM,IBM7014-B42
B63E-320F-3600-41BF,42E6-F95D-1A2A-4997,Mill Race-Fl2-H1CD6,Mill Race-Fl2-H1CD24,IBM,IBM7014-B42
E117-81A1-956A-4788,A7C0-D09C-4797-4E9E,Mill Race-Fl2-H1CD6,Mill Race-Fl2-H1CD25,IBM,IBM7014-B42
3215-A2F9-C5A0-435D,50D2-8201-1C49-4E3E,Mill Race-Fl2-H1CD6,Mill Race-Fl2-H1CD26,IBM,IBM7014-B42
B53E-4751-A900-41BC,E91F-6498-E23B-4F5C,Mill Race-Fl2-H1CD6,Mill Race-Fl2-H1CD27,IBM,IBM7014-B42
0CE1-2430-8603-4CCC,74D1-D62C-7297-4054,Mill Race-Fl2-H1CD6,Mill Race-Fl2-H1CD28,IBM,IBM7014-B42
35B1-69AA-DC9F-4672,335E-77DD-D2AE-4CA2,Mill Race-Fl2-H1GH6,Mill Race-Fl2-H1GH6,IBM,IBM7014-B42
64AC-94B3-734A-44A9,1215-1DD1-0460-4CAE,Mill Race-Fl2-H1GH6,Mill Race-Fl2-H1GH7,IBM,IBM7014-B42
2703-705C-51EC-4A83,6E1A-B8F8-5417-4D59,Mill Race-Fl2-H1GH6,Mill Race-Fl2-H1GH8,IBM,IBM7014-B42
062D-CF35-83C1-4842,17EB-C49D-D56A-4679,Mill Race-Fl2-H1GH6,Mill Race-Fl2-H1GH9,IBM,IBM7014-B42
78E7-08A6-D0B7-47FF,33DE-45EC-5540-46D6,Mill Race-Fl2-H1GH6,Mill Race-Fl2-H1GH10,IBM,IBM7014-B42
B5EE-B71F-FD0D-499D,06F7-6579-F96C-413E,Mill Race-Fl2-H1GH6,Mill Race-Fl2-H1GH11,IBM,IBM7014-B42
8B95-BE3B-5486-4C29,FF5F-5E68-4142-4AEA,Mill Race-Fl2-H1GH6,Mill Race-Fl2-H1GH12,IBM,IBM7014-B42
37B2-2C8A-53C5-489E,2DAA-548D-3942-4E40,Mill Race-Fl2-H1GH6,Mill Race-Fl2-H1GH13,IBM,IBM7014-B42
29B9-4A07-5BC9-4501,54CB-3882-8F00-440D,Mill Race-Fl2-H1GH6,Mill Race-Fl2-H1GH14,IBM,IBM7014-B42
72F4-4823-2F6B-42CE,FFAA-00DF-F093-4EFA,Mill Race-Fl2-H1GH6,Mill Race-Fl2-H1GH20,IBM,IBM7014-B42
888F-9686-B121-4695,27F8-064B-3215-4D15,Mill Race-Fl2-H1GH6,Mill Race-Fl2-H1GH21,IBM,IBM7014-B42
00CE-B9FD-132F-4455,9F40-3885-07FA-40C4,Mill Race-Fl2-H1GH6,Mill Race-Fl2-H1GH22,IBM,IBM7014-B42
EEC4-0F32-0E72-4BA2,692F-C34C-FA0B-45B0,Mill Race-Fl2-H1GH6,Mill Race-Fl2-H1GH23,IBM,IBM7014-B42
026C-5EF6-0957-4DDB,6C37-02DF-4417-4518,Mill Race-Fl2-H1GH6,Mill Race-Fl2-H1GH24,IBM,IBM7014-B42
6BD2-2859-9807-44C2,379C-D405-1785-4FB2,Mill Race-Fl2-H1GH6,Mill Race-Fl2-H1GH25,IBM,IBM7014-B42
023B-8039-7DE1-43F6,18F1-431D-81C5-40C2,Mill Race-Fl2-H1GH6,Mill Race-Fl2-H1GH26,IBM,IBM7014-B42
EF59-05E5-4CDD-428E,6C56-677F-2442-4139,Mill Race-Fl2-H1GH6,Mill Race-Fl2-H1GH27,IBM,IBM7014-B42
B1EA-F259-E646-4959,CF44-5B29-FC74-4561,Mill Race-Fl2-H1GH6,Mill Race-Fl2-H1GH28,IBM,IBM7014-B42
F1E4-7C98-ED39-4CA2,7B22-F4C4-72D5-4624,Mill Race-Fl2-H1KL6,Mill Race-Fl2-H1KL6,IBM,IBM7014-B42
D9AF-C319-7B9E-486B,044A-A4F9-2E4E-4805,Mill Race-Fl2-H1KL6,Mill Race-Fl2-H1KL7,IBM,IBM7014-B42
B541-F884-F4D8-4942,9F68-1B9B-8432-44DA,Mill Race-Fl2-H1KL6,Mill Race-Fl2-H1KL8,IBM,IBM7014-B42
8FE6-5244-0ACB-46F1,92FC-E150-BC07-4538,Mill Race-Fl2-H1KL6,Mill Race-Fl2-H1KL9,IBM,IBM7014-B42
B72C-D3C7-0358-441A,7F3F-5EB9-BE9B-4472,Mill Race-Fl2-H1KL6,Mill Race-Fl2-H1KL10,IBM,IBM7014-B42
4F56-56C6-0A93-43AC,A33D-CEC5-BE61-41FB,Mill Race-Fl2-H1KL6,Mill Race-Fl2-H1KL11,IBM,IBM7014-B42
64A0-59CC-6139-4221,13B0-6CEB-1FCF-4463,Mill Race-Fl2-H1KL6,Mill Race-Fl2-H1KL12,IBM,IBM7014-B42
1104-4C40-EE29-45DF,DF69-6370-0358-476E,Mill Race-Fl2-H1KL6,Mill Race-Fl2-H1KL13,IBM,IBM7014-B42
2775-24D6-B164-4231,98F4-E0F8-5965-4C07,Mill Race-Fl2-H1KL6,Mill Race-Fl2-H1KL14,IBM,IBM7014-B42
3A89-4F23-19E9-4107,F4D2-6FD5-3543-4FCB,Mill Race-Fl2-H1KL6,Mill Race-Fl2-H1KL20,IBM,IBM7014-B42
C244-2468-3762-4A9E,0831-9A13-D539-45D1,Mill Race-Fl2-H1KL6,Mill Race-Fl2-H1KL21,IBM,IBM7014-B42
E82D-B2F6-D49E-4892,3716-2D6F-FF15-420B,Mill Race-Fl2-H1KL6,Mill Race-Fl2-H1KL22,IBM,IBM7014-B42
0C51-E764-969D-4100,8BE6-91AB-799B-4DD7,Mill Race-Fl2-H1KL6,Mill Race-Fl2-H1KL23,IBM,IBM7014-B42
DB15-AC39-1092-4548,A00B-824A-D4BD-47C4,Mill Race-Fl2-H1KL6,Mill Race-Fl2-H1KL24,IBM,IBM7014-B42
E86B-93BF-AC34-4B8B,14CE-E316-B62D-4060,Mill Race-Fl2-H1KL6,Mill Race-Fl2-H1KL25,IBM,IBM7014-B42
7774-4976-583E-4D52,A10F-71D1-4E7C-4EE4,Mill Race-Fl2-H1KL6,Mill Race-Fl2-H1KL26,IBM,IBM7014-B42
36CF-8D0F-EAD7-42CC,47CB-9B97-7AF3-4538,Mill Race-Fl2-H1KL6,Mill Race-Fl2-H1KL27,IBM,IBM7014-B42
39ED-C01F-1F41-4747,532B-37FE-5CA9-4DBD,Mill Race-Fl2-H1KL6,Mill Race-Fl2-H1KL28,IBM,IBM7014-B42
A9A1-3DAF-2573-4D04,9750-354E-4D24-4DE0,Mill Race-Fl2-H1OP6,Mill Race-Fl2-H1OP6,Oracle,Oracle CorporationSUN RACK II
CF4C-F250-FE7E-47F8,587A-BE2F-924E-4F49,Mill Race-Fl2-H1OP6,Mill Race-Fl2-H1OP7,Oracle,Oracle CorporationSUN RACK II
F91C-B59F-55CB-4CBD,F4AD-D750-AD22-46D6,Mill Race-Fl2-H1OP6,Mill Race-Fl2-H1OP8,Oracle,Oracle CorporationSUN RACK II
B727-B888-980C-4230,3C16-D4A4-0261-4890,Mill Race-Fl2-H1OP6,Mill Race-Fl2-H1OP9,Oracle,Oracle CorporationSUN RACK II
2551-B037-B055-417F,D042-1287-020A-4EFE,Mill Race-Fl2-H1OP6,Mill Race-Fl2-H1OP10,Oracle,Oracle CorporationSUN RACK II
2745-B3AB-23F5-4735,7D73-07A3-104B-4560,Mill Race-Fl2-H1OP6,Mill Race-Fl2-H1OP11,Oracle,Oracle CorporationSUN RACK II
CBEF-03B8-3C02-438B,8680-B708-126B-4878,Mill Race-Fl2-H1OP6,Mill Race-Fl2-H1OP12,Oracle,Oracle CorporationSUN RACK II
F2D8-ABD9-1C22-464D,27B8-F8CC-319C-4C7F,Mill Race-Fl2-H1OP6,Mill Race-Fl2-H1OP13,Oracle,Oracle CorporationSUN RACK II
326B-2EB5-5C2D-4347,ED17-AA4A-1601-4AD4,Mill Race-Fl2-H1OP6,Mill Race-Fl2-H1OP14,Oracle,Oracle CorporationSUN RACK II
E8D7-C138-012E-48D5,BD34-FBF3-F6FB-43DE,Mill Race-Fl2-H1OP6,Mill Race-Fl2-H1OP20,Oracle,Oracle CorporationSUN RACK II
6395-4B09-8CAE-4BA8,43C7-C04C-E335-473A,Mill Race-Fl2-H1OP6,Mill Race-Fl2-H1OP21,Oracle,Oracle CorporationSUN RACK II
3D1A-9B64-C4CC-42EF,E7E7-67FC-3AA1-4E2A,Mill Race-Fl2-H1OP6,Mill Race-Fl2-H1OP22,Oracle,Oracle CorporationSUN RACK II
E8E8-AF8B-7EF2-4392,3F9A-4579-37AB-4FD6,Mill Race-Fl2-H1OP6,Mill Race-Fl2-H1OP23,Oracle,Oracle CorporationSUN RACK II
682B-818A-FF1C-4BF4,52B0-80E0-5D7F-4D9E,Mill Race-Fl2-H1OP6,Mill Race-Fl2-H1OP24,Oracle,Oracle CorporationSUN RACK II
ADAA-AD8C-AF23-4539,2B7D-B9CE-EF0A-421C,Mill Race-Fl2-H1OP6,Mill Race-Fl2-H1OP25,Oracle,Oracle CorporationSUN RACK II
AB7C-FE22-4EF9-450E,A9E0-B426-FBDD-4F69,Mill Race-Fl2-H1OP6,Mill Race-Fl2-H1OP26,Oracle,Oracle CorporationSUN RACK II
3925-759C-58BE-47A4,27A6-371B-19E2-429E,Mill Race-Fl2-H1OP6,Mill Race-Fl2-H1OP27,Oracle,Oracle CorporationSUN RACK II
3073-E17E-E4A0-4B13,877A-FC67-EB79-4538,Mill Race-Fl2-H1OP6,Mill Race-Fl2-H1OP28,Oracle,Oracle CorporationSUN RACK II
27B1-C475-B5BC-48FF,BE12-7D12-1629-403B,Mill Race-Fl2-H1ST6,Mill Race-Fl2-H1ST6,Oracle,Oracle CorporationSUN RACK II
7C2B-8698-0D56-471B,797F-27B1-2838-4ADF,Mill Race-Fl2-H1ST6,Mill Race-Fl2-H1ST7,Oracle,Oracle CorporationSUN RACK II
FE7A-D52A-FA0F-4CBF,2949-E372-6F28-45C8,Mill Race-Fl2-H1ST6,Mill Race-Fl2-H1ST8,Oracle,Oracle CorporationSUN RACK II
1D02-7BA9-1F19-4675,798F-3A0F-C89F-4BD1,Mill Race-Fl2-H1ST6,Mill Race-Fl2-H1ST9,Oracle,Oracle CorporationSUN RACK II
7062-F766-7B0D-49CA,36B2-0C3B-A896-4E85,Mill Race-Fl2-H1ST6,Mill Race-Fl2-H1ST10,Oracle,Oracle CorporationSUN RACK II
1ACB-2E93-CC6C-4953,BDF8-E6CE-7CE2-4182,Mill Race-Fl2-H1ST6,Mill Race-Fl2-H1ST11,Oracle,Oracle CorporationSUN RACK II
614F-373B-C0CE-4068,6BF3-FFD4-5D1C-4ED2,Mill Race-Fl2-H1ST6,Mill Race-Fl2-H1ST12,Oracle,Oracle CorporationSUN RACK II
E0A7-05E5-265B-4A8C,F6D3-AEBF-1F04-4099,Mill Race-Fl2-H1ST6,Mill Race-Fl2-H1ST13,Oracle,Oracle CorporationSUN RACK II
16C3-F317-D822-42AF,CE0A-6250-D5A0-446E,Mill Race-Fl2-H1ST6,Mill Race-Fl2-H1ST14,Oracle,Oracle CorporationSUN RACK II
2732-94B6-1DF2-4F87,D7F8-51A1-878B-404D,Mill Race-Fl2-H1ST6,Mill Race-Fl2-H1ST20,Oracle,Oracle CorporationSUN RACK II
6531-EA46-D412-45FE,24B2-9260-049C-4A1F,Mill Race-Fl2-H1ST6,Mill Race-Fl2-H1ST21,Oracle,Oracle CorporationSUN RACK II
86CF-6A40-20EB-4432,94AB-9FFF-1F1B-49C7,Mill Race-Fl2-H1ST6,Mill Race-Fl2-H1ST22,Oracle,Oracle CorporationSUN RACK II
B743-6026-DA87-496A,3A72-8BB3-D079-4C78,Mill Race-Fl2-H1ST6,Mill Race-Fl2-H1ST23,Oracle,Oracle CorporationSUN RACK II
B1C7-EF45-4E61-4E65,E7A5-0769-26C9-442A,Mill Race-Fl2-H1ST6,Mill Race-Fl2-H1ST24,Oracle,Oracle CorporationSUN RACK II
7E0C-E581-C1AB-496C,73C4-AF99-06F6-4885,Mill Race-Fl2-H1ST6,Mill Race-Fl2-H1ST25,Oracle,Oracle CorporationSUN RACK II
C73B-84F0-FFAD-4EA6,2DC5-94E0-8FA0-435F,Mill Race-Fl2-H1ST6,Mill Race-Fl2-H1ST26,Oracle,Oracle CorporationSUN RACK II
6223-2C28-4877-4764,0172-2589-C0C7-48C2,Mill Race-Fl2-H1ST6,Mill Race-Fl2-H1ST27,Oracle,Oracle CorporationSUN RACK II
7F6E-1316-0190-4C3B,B485-059E-6419-4C54,Mill Race-Fl2-H1ST6,Mill Race-Fl2-H1ST28,Oracle,Oracle CorporationSUN RACK II
0D84-9218-7397-4D9A,5058-008F-1F17-461E,Mill Race-Fl2-H1WX6,Mill Race-Fl2-H1WX6,Oracle,Oracle CorporationSUN RACK II
688D-AA51-B77B-4355,07C0-2F5E-ED22-4004,Mill Race-Fl2-H1WX6,Mill Race-Fl2-H1WX7,Oracle,Oracle CorporationSUN RACK II
999B-8ED1-7725-4562,351E-37CF-8A13-4CA4,Mill Race-Fl2-H1WX6,Mill Race-Fl2-H1WX8,Oracle,Oracle CorporationSUN RACK II
3B85-36D4-3C4C-4734,FBEB-86B9-CD70-4F0B,Mill Race-Fl2-H1WX6,Mill Race-Fl2-H1WX9,Oracle,Oracle CorporationSUN RACK II
BF61-C6B2-B685-4690,5B84-498D-5A23-40D9,Mill Race-Fl2-H1WX6,Mill Race-Fl2-H1WX10,Oracle,Oracle CorporationSUN RACK II
8EE0-BC17-9A61-4FC5,F0B8-AC22-70C2-4210,Mill Race-Fl2-H1WX6,Mill Race-Fl2-H1WX11,Oracle,Oracle CorporationSUN RACK II
D541-FCC1-1768-435D,511B-69EE-E765-4E9F,Mill Race-Fl2-H1WX6,Mill Race-Fl2-H1WX12,Oracle,Oracle CorporationSUN RACK II
00DB-E860-9A60-4937,99DD-A9F5-AC1C-42A3,Mill Race-Fl2-H1WX6,Mill Race-Fl2-H1WX13,Oracle,Oracle CorporationSUN RACK II
4CAD-E770-6F53-4E2C,BFCB-871F-6CFE-4A2D,Mill Race-Fl2-H1WX6,Mill Race-Fl2-H1WX14,Oracle,Oracle CorporationSUN RACK II
8667-9ADE-5AA9-4B9E,019F-7B68-F76C-4842,Mill Race-Fl2-H1WX6,Mill Race-Fl2-H1WX20,Oracle,Oracle CorporationSUN RACK II
1B94-48D1-A448-4F89,7ADD-4037-561E-40E1,Mill Race-Fl2-H1WX6,Mill Race-Fl2-H1WX21,Oracle,Oracle CorporationSUN RACK II
D3E4-CEAA-56F8-4105,4DC4-CD5A-C20D-4801,Mill Race-Fl2-H1WX6,Mill Race-Fl2-H1WX22,Oracle,Oracle CorporationSUN RACK II
8726-61C3-82D7-460F,E42C-66FA-0CE5-4304,Mill Race-Fl2-H1WX6,Mill Race-Fl2-H1WX23,Oracle,Oracle CorporationSUN RACK II
85BF-E44A-172F-431C,FD5E-4F93-BBE8-48B0,Mill Race-Fl2-H1WX6,Mill Race-Fl2-H1WX24,Oracle,Oracle CorporationSUN RACK II
D604-37FA-ECBF-4895,0554-3FBB-88F1-4C3F,Mill Race-Fl2-H1WX6,Mill Race-Fl2-H1WX25,Oracle,Oracle CorporationSUN RACK II
D40B-ED3C-846C-4923,2011-C858-CFFB-4C93,Mill Race-Fl2-H1WX6,Mill Race-Fl2-H1WX26,Oracle,Oracle CorporationSUN RACK II
4C6A-6E90-B6B7-45FF,01AD-5DEA-E98B-4E44,Mill Race-Fl2-H1WX6,Mill Race-Fl2-H1WX27,Oracle,Oracle CorporationSUN RACK II
BD62-E259-CF4D-4480,B380-2E90-8753-4677,Mill Race-Fl2-H1WX6,Mill Race-Fl2-H1WX28,Oracle,Oracle CorporationSUN RACK II